Data,Loss,Accuracy,Test Loss,Test Accuracy
0,2.3144259452819824,0.083984375,2.2980904579162598,0.0888671875
25600,1.4390159845352173,0.3710186183452606,1.4010950326919556,0.374447226524353
51200,0.9838051199913025,0.5170471668243408,0.9714581370353699,0.5192307829856873
76800,0.8038305640220642,0.6039595007896423,0.7359052896499634,0.6053805351257324
102400,0.7655094265937805,0.6607850790023804,0.653022050857544,0.6617206335067749
128000,0.5900530219078064,0.6980209350585938,0.5589872002601624,0.6986791491508484
153600,0.510717511177063,0.7267279028892517,0.5061482787132263,0.7272220253944397
179200,0.4919438660144806,0.7490179538726807,0.4046782851219177,0.7494505047798157
204800,0.4442426860332489,0.7666469216346741,0.4037604331970215,0.7669779062271118
230400,0.3892875611782074,0.7816193699836731,0.3372662663459778,0.7819236516952515
256000,0.39786794781684875,0.7941880226135254,0.28661149740219116,0.7944831848144531
281600,0.3043345510959625,0.805267870426178,0.2846029996871948,0.8054854273796082
307200,0.411418616771698,0.8147557973861694,0.2836522161960602,0.814930260181427
332800,0.2352343201637268,0.8228539228439331,0.26080217957496643,0.8230116367340088
358400,0.29071539640426636,0.8302283883094788,0.27994656562805176,0.8303591012954712
384000,0.298600435256958,0.8369777798652649,0.17961305379867554,0.8371419906616211
409600,0.21258841454982758,0.8432933688163757,0.19785356521606445,0.8434228897094727
435200,0.24074606597423553,0.8489455580711365,0.2162419855594635,0.8490609526634216
460800,0.1892242431640625,0.8540299534797668,0.1951172947883606,0.8541355133056641
486400,0.18851880729198456,0.8586259484291077,0.18080642819404602,0.8587232828140259
512000,0.25784730911254883,0.8628948330879211,0.21627071499824524,0.862960159778595
537600,0.25688260793685913,0.8666864633560181,0.18208050727844238,0.8667652010917664
563200,0.27192211151123047,0.8702971935272217,0.1782093644142151,0.8703725934028625
588800,0.17004086077213287,0.8736923933029175,0.204136922955513,0.8737549781799316
614400,0.19147256016731262,0.8769021034240723,0.20330512523651123,0.876957893371582
640000,0.20358118414878845,0.8797680139541626,0.16935856640338898,0.8798239231109619
665600,0.20798876881599426,0.8824489712715149,0.20871523022651672,0.8824977874755859
691200,0.19267284870147705,0.8850122690200806,0.19879937171936035,0.8850588202476501
716800,0.1691242754459381,0.8874773383140564,0.1377510130405426,0.8875341415405273
742400,0.1531064212322235,0.8897804021835327,0.11912600696086884,0.8898350596427917
768000,0.14641113579273224,0.8920129537582397,0.1357526332139969,0.8920579552650452
793600,0.1654292643070221,0.8940534591674805,0.16415469348430634,0.8940870761871338
819200,0.20315520465373993,0.8960035443305969,0.12787258625030518,0.8960504531860352
844800,0.09977568686008453,0.8978691697120667,0.13134407997131348,0.8979124426841736
870400,0.17939451336860657,0.8996735215187073,0.14201419055461884,0.8997088074684143
896000,0.17881760001182556,0.9014568328857422,0.12640540301799774,0.9014912247657776
921600,0.13106270134449005,0.9030869603157043,0.15226411819458008,0.9031141400337219
947200,0.13432833552360535,0.9046671986579895,0.15526650846004486,0.9046939015388489
972800,0.13339638710021973,0.9061432480812073,0.09362168610095978,0.9061754941940308
998400,0.10674812644720078,0.9075926542282104,0.1630050241947174,0.9076164960861206
1024000,0.12412606179714203,0.9089562296867371,0.10548931360244751,0.908983588218689
1049600,0.1477813422679901,0.9102869629859924,0.17632481455802917,0.9103037118911743
1075200,0.09056424349546432,0.9115798473358154,0.15273740887641907,0.9116010665893555
1100800,0.09858288615942001,0.9128054976463318,0.0761716291308403,0.9128336906433105
1126400,0.09882212430238724,0.9139772653579712,0.16493432223796844,0.913993775844574
1152000,0.09915965795516968,0.9151003360748291,0.10700050741434097,0.9151245355606079
1177600,0.09742574393749237,0.9162136912345886,0.11599865555763245,0.9162377119064331
1203200,0.11954917013645172,0.9172764420509338,0.10289913415908813,0.9172987341880798
1228800,0.11796241253614426,0.9182742238044739,0.13124215602874756,0.9182947874069214
1254400,0.1637498140335083,0.9192781448364258,0.11326225101947784,0.919293999671936
1280000,0.1140737384557724,0.9202327132225037,0.12701526284217834,0.9202540516853333
1305600,0.11660067737102509,0.9211461544036865,0.10086458176374435,0.9211651682853699
1331200,0.1447511464357376,0.9220333099365234,0.15152938663959503,0.9220464825630188
1356800,0.13032400608062744,0.9228761196136475,0.11403366923332214,0.9228923320770264
1382400,0.11349398642778397,0.923728883266449,0.10761763155460358,0.923746645450592
1408000,0.08561672270298004,0.924542248249054,0.07435803860425949,0.9245628714561462
1433600,0.09839935600757599,0.9253676533699036,0.1336689591407776,0.925382137298584
1459200,0.08592386543750763,0.9261237978935242,0.09123209118843079,0.9261404275894165
1484800,0.09553106129169464,0.9268967509269714,0.11055200546979904,0.926906943321228
1510400,0.14646098017692566,0.9276111125946045,0.10147024691104889,0.9276247620582581
1536000,0.10452693700790405,0.9283431172370911,0.09959347546100616,0.9283562898635864
1561600,0.10012255609035492,0.9290335178375244,0.07695696502923965,0.9290512800216675
1587200,0.0964108258485794,0.9296985864639282,0.10949697345495224,0.9297090768814087
1612800,0.08958964049816132,0.930372953414917,0.09958647191524506,0.9303849339485168
1638400,0.09915134310722351,0.930986762046814,0.12507843971252441,0.9309941530227661
1664000,0.08112560957670212,0.9316211938858032,0.05576644092798233,0.9316359162330627
1689600,0.12943820655345917,0.9322189688682556,0.10663196444511414,0.9322298169136047
1715200,0.05403624475002289,0.93281489610672,0.07303644716739655,0.9328259825706482
1740800,0.10684787482023239,0.9334011673927307,0.07818270474672318,0.933412492275238
1766400,0.0782090574502945,0.9339705109596252,0.12289562821388245,0.9339792728424072
1792000,0.10677164793014526,0.9345618486404419,0.08039039373397827,0.9345746636390686
1817600,0.05919118970632553,0.9351230263710022,0.0706564411520958,0.935135006904602
1843200,0.10505619645118713,0.9356569647789001,0.11140857636928558,0.9356659650802612
1868800,0.053992822766304016,0.9361741542816162,0.08872132003307343,0.9361828565597534
1894400,0.09112849086523056,0.9366602897644043,0.11776414513587952,0.9366656541824341
1920000,0.06830091774463654,0.9371467232704163,0.10820139944553375,0.9371524453163147
1945600,0.07915237545967102,0.937648594379425,0.10094257444143295,0.9376566410064697
1971200,0.06571696698665619,0.9381245374679565,0.0889105498790741,0.9381328225135803
1996800,0.07736819982528687,0.9385985136032104,0.05877765268087387,0.9386100172996521
2022400,0.08070071041584015,0.9390445947647095,0.08564788848161697,0.939052402973175
2048000,0.10907110571861267,0.939494788646698,0.07741736620664597,0.9395038485527039
2073600,0.06441062688827515,0.9399257898330688,0.07557545602321625,0.9399356245994568
2099200,0.07032929360866547,0.9403799772262573,0.08491110801696777,0.940389096736908
2124800,0.0909106656908989,0.940785825252533,0.09516628831624985,0.9407942295074463
2150400,0.08215406537055969,0.9411838054656982,0.08776261657476425,0.941190242767334
2176000,0.10373624414205551,0.9415972232818604,0.06362558156251907,0.9416071176528931
2201600,0.08082440495491028,0.941983699798584,0.07714575529098511,0.9419919848442078
2227200,0.08905550092458725,0.9423709511756897,0.08358638733625412,0.9423790574073792
2252800,0.07465602457523346,0.94277024269104,0.0644899308681488,0.9427782297134399
2278400,0.04619089141488075,0.943146824836731,0.0770445168018341,0.9431533813476562
2304000,0.05739973857998848,0.943513810634613,0.06260933727025986,0.9435214400291443
2329600,0.09057202935218811,0.943893313407898,0.10684803128242493,0.9438969492912292
2355200,0.05974879860877991,0.9442566633224487,0.05777318775653839,0.9442651867866516
2380800,0.10092196613550186,0.9445669054985046,0.07818346470594406,0.9445744752883911
2406400,0.08054821193218231,0.9449161887168884,0.10635879635810852,0.9449211359024048
2432000,0.09708341211080551,0.9452532529830933,0.06023851037025452,0.9452589154243469
2457600,0.0891663059592247,0.9455904960632324,0.09490330517292023,0.9455963969230652
2483200,0.07611799985170364,0.9459310173988342,0.062258582562208176,0.9459372162818909
2508800,0.08316252380609512,0.9462537169456482,0.06422044336795807,0.946260929107666
2534400,0.05961506813764572,0.946588397026062,0.08187391608953476,0.9465939402580261
2560000,0.07355662435293198,0.9468942284584045,0.08290345966815948,0.9468996524810791
2585600,0.07574165612459183,0.9471943378448486,0.06470970064401627,0.9472004175186157
2611200,0.06252936273813248,0.9474889636039734,0.06024213880300522,0.9474949240684509
2636800,0.09140267968177795,0.9477990865707397,0.07373511791229248,0.947803795337677
2662400,0.09653851389884949,0.9480807185173035,0.04459964111447334,0.9480883479118347
2688000,0.06377237290143967,0.9483720064163208,0.10746634006500244,0.948374330997467
2713600,0.1086195707321167,0.9486642479896545,0.08852143585681915,0.9486697912216187
2739200,0.12255892902612686,0.94892817735672,0.06735045462846756,0.9489343166351318
2764800,0.058019138872623444,0.949219822883606,0.046592116355895996,0.9492272734642029
2790400,0.050654441118240356,0.949484646320343,0.047728199511766434,0.9494906067848206
2816000,0.11877358704805374,0.9497391581535339,0.09105493873357773,0.9497432112693787
2841600,0.09700648486614227,0.9499869346618652,0.07781235128641129,0.94999098777771
2867200,0.07158532738685608,0.9502567052841187,0.08880563080310822,0.950261652469635
2892800,0.04204035550355911,0.950515866279602,0.05421335622668266,0.9505214095115662
2918400,0.04000604525208473,0.9507772326469421,0.08682037889957428,0.950782299041748
2944000,0.05685904622077942,0.9510310292243958,0.0675392672419548,0.951035737991333
2969600,0.04767216369509697,0.9512778520584106,0.04319913685321808,0.9512847661972046
2995200,0.0884595587849617,0.9515040516853333,0.05244182050228119,0.9515085816383362
3020800,0.067098468542099,0.9517523646354675,0.08387473970651627,0.9517555236816406
3046400,0.0799906775355339,0.951991081237793,0.05640491470694542,0.9519960880279541
3072000,0.06089683622121811,0.952221691608429,0.0700816884636879,0.9522256255149841
3097600,0.10084851086139679,0.952444314956665,0.053270600736141205,0.9524482488632202
3123200,0.055919043719768524,0.9526711702346802,0.05194345861673355,0.9526762366294861
3148800,0.08597033470869064,0.952898383140564,0.0931728184223175,0.9529011845588684
3174400,0.061453599482774734,0.9531182050704956,0.06637770682573318,0.9531228542327881
3200000,0.03635824844241142,0.9533446431159973,0.07556483149528503,0.9533485770225525
3225600,0.0805300623178482,0.9535638093948364,0.09929922223091125,0.9535661935806274
3251200,0.042008426040410995,0.9537608623504639,0.07933567464351654,0.9537640810012817
3276800,0.06655043363571167,0.9539724588394165,0.10087704658508301,0.9539744257926941
3302400,0.09733317047357559,0.9541796445846558,0.059541549533605576,0.9541827440261841
3328000,0.08268321305513382,0.9543900489807129,0.058934468775987625,0.9543936848640442
3353600,0.07131234556436539,0.9545835852622986,0.09222964197397232,0.9545859694480896
3379200,0.07494382560253143,0.9547877311706543,0.08889059722423553,0.9547907114028931
3404800,0.06699352711439133,0.9549747705459595,0.054008156061172485,0.9549782276153564
3430400,0.0433666929602623,0.9551615715026855,0.08474594354629517,0.9551644325256348
3456000,0.0527726449072361,0.9553472995758057,0.09527911245822906,0.9553492665290833
3481600,0.08606156706809998,0.9555308818817139,0.06101619079709053,0.9555338621139526
3507200,0.04677927494049072,0.9557100534439087,0.06568770110607147,0.9557133316993713
3532800,0.05178934335708618,0.9558877944946289,0.08614039421081543,0.9558907151222229
3558400,0.06993203610181808,0.9560737013816833,0.07469166815280914,0.9560773968696594
3584000,0.07417786121368408,0.9562492966651917,0.041808418929576874,0.9562535285949707
3609600,0.09719204902648926,0.956426739692688,0.035245101898908615,0.9564311504364014
3635200,0.07225507497787476,0.956614077091217,0.05925311520695686,0.9566176533699036
3660800,0.08219218254089355,0.9567835330963135,0.07136489450931549,0.9567865133285522
3686400,0.08531782031059265,0.9569493532180786,0.04924624413251877,0.9569528102874756
3712000,0.06012871116399765,0.9571284055709839,0.07849115878343582,0.9571310877799988
3737600,0.08237659186124802,0.957301139831543,0.0735524371266365,0.9573031663894653
3763200,0.04875833913683891,0.9574694037437439,0.0519677996635437,0.9574729800224304
3788800,0.04787548631429672,0.9576338529586792,0.08346827328205109,0.9576360583305359
3814400,0.05764887481927872,0.9577978253364563,0.06297033280134201,0.957801103591919
3840000,0.06590130180120468,0.9579497575759888,0.05405459553003311,0.9579529166221619
3865600,0.0784759670495987,0.9581018686294556,0.07818392664194107,0.9581035375595093
3891200,0.08240246027708054,0.9582611322402954,0.06062239408493042,0.9582634568214417
3916800,0.06186753138899803,0.9584192633628845,0.0367257297039032,0.9584230780601501
3942400,0.042204778641462326,0.9585850238800049,0.07098599523305893,0.9585875868797302
3968000,0.05378299951553345,0.958730936050415,0.06978451460599899,0.9587326645851135
3993600,0.05047666281461716,0.9588754177093506,0.06430534273386002,0.9588776230812073
4019200,0.07807118445634842,0.9590285420417786,0.030063262209296227,0.9590321779251099
4044800,0.06718460470438004,0.95917147397995,0.06812290102243423,0.9591753482818604
4070400,0.03832367807626724,0.9593160152435303,0.03241745010018349,0.9593195915222168
4096000,0.032130300998687744,0.9594706892967224,0.07347135245800018,0.9594732522964478
4121600,0.0603208914399147,0.9596063494682312,0.06189066916704178,0.9596090912818909
4147200,0.05185052007436752,0.9597535133361816,0.0625225305557251,0.959755539894104
4172800,0.07878503203392029,0.95988929271698,0.05753881111741066,0.959892213344574
4198400,0.04091307520866394,0.9600254893302917,0.05415678396821022,0.9600284099578857
4224000,0.06020931154489517,0.9601554274559021,0.04317784681916237,0.9601587653160095
4249600,0.03054463304579258,0.9602969288825989,0.10520124435424805,0.9602979421615601
4275200,0.04578030854463577,0.9604364633560181,0.04111236333847046,0.9604402184486389
4300800,0.060952380299568176,0.9605801105499268,0.09979968518018723,0.9605815410614014
4326400,0.05755949765443802,0.9607122540473938,0.07789932936429977,0.9607143402099609
4352000,0.07391975820064545,0.9608365893363953,0.07981344312429428,0.9608386158943176
4377600,0.0764605849981308,0.9609730839729309,0.057599108666181564,0.9609755873680115
4403200,0.04669306427240372,0.9611022472381592,0.04530196636915207,0.9611057639122009
4428800,0.05143749341368675,0.9612272381782532,0.06392516195774078,0.9612300992012024
4454400,0.04159427806735039,0.9613600373268127,0.07239837944507599,0.9613624215126038
4480000,0.05577978864312172,0.9614834189414978,0.08059923350811005,0.9614849090576172
4505600,0.04678276553750038,0.9616091251373291,0.0438409224152565,0.9616121053695679
4531200,0.03152652457356453,0.96173495054245,0.04749321937561035,0.961738109588623
4556800,0.0950075313448906,0.9618504643440247,0.06492370367050171,0.9618523120880127
4582400,0.061168231070041656,0.9619652032852173,0.05885390192270279,0.9619668126106262
4608000,0.08278689533472061,0.962089478969574,0.058592647314071655,0.9620914459228516
4633600,0.049366503953933716,0.9622024297714233,0.05146024003624916,0.9622041583061218
4659200,0.029014311730861664,0.962313711643219,0.05637161806225777,0.96231609582901
4684800,0.052511006593704224,0.9624294638633728,0.07792124152183533,0.9624309539794922
4710400,0.07557209581136703,0.9625497460365295,0.03347400575876236,0.9625529050827026
4736000,0.024830687791109085,0.9626747369766235,0.04062483459711075,0.9626768231391907
4761600,0.04940742254257202,0.9627790451049805,0.0797710195183754,0.9627804756164551
4787200,0.05916908010840416,0.9628854990005493,0.06433448195457458,0.9628875255584717
4812800,0.051709745079278946,0.9629967212677002,0.07943882048130035,0.9629981517791748
4838400,0.034387897700071335,0.9631080031394958,0.057273298501968384,0.9631094336509705
4864000,0.047246165573596954,0.9632167220115662,0.07973451912403107,0.963218092918396
4889600,0.053484831005334854,0.9633277058601379,0.07268378883600235,0.9633298516273499
4915200,0.032256826758384705,0.9634406566619873,0.044407233595848083,0.9634432196617126
4940800,0.057996686547994614,0.9635483622550964,0.06220429763197899,0.9635498523712158
4966400,0.04049322009086609,0.963656485080719,0.051775090396404266,0.9636585712432861
4992000,0.07162037491798401,0.9637629389762878,0.08486708253622055,0.9637640118598938
5017600,0.045312073081731796,0.9638674855232239,0.029975274577736855,0.9638705253601074
5043200,0.04054789990186691,0.9639663100242615,0.039436668157577515,0.9639687538146973
5068800,0.07995899766683578,0.9640649557113647,0.04053371399641037,0.9640673398971558
5094400,0.04373416304588318,0.9641638994216919,0.09677309542894363,0.9641645550727844
5120000,0.04701504856348038,0.9642726182937622,0.05598340183496475,0.9642745852470398
5145600,0.05689876526594162,0.9643781185150146,0.09462161362171173,0.9643791317939758
5171200,0.05421823635697365,0.9644769430160522,0.035999786108732224,0.9644788503646851
5196800,0.0568307563662529,0.9645734429359436,0.05126282572746277,0.9645751714706421
5222400,0.040244437754154205,0.9646691679954529,0.0278803538531065,0.9646714329719543
5248000,0.04094313085079193,0.964768648147583,0.07217556983232498,0.9647696018218994
5273600,0.06438274681568146,0.9648623466491699,0.07681676745414734,0.9648640155792236
5299200,0.053412120789289474,0.9649565815925598,0.10523174703121185,0.9649564027786255
5324800,0.04206870496273041,0.9650484919548035,0.08096466958522797,0.9650493860244751
5350400,0.04966841638088226,0.965133786201477,0.04257911816239357,0.965135931968689
5376000,0.05043839290738106,0.9652255773544312,0.05923394858837128,0.9652275443077087
5401600,0.0292959026992321,0.9653165340423584,0.059423621743917465,0.9653180837631226
5427200,0.054633576422929764,0.965406596660614,0.023700809106230736,0.9654092192649841
5452800,0.07103436440229416,0.9654935002326965,0.04899957776069641,0.9654955863952637
5478400,0.05441514402627945,0.965584397315979,0.08435658365488052,0.9655850529670715
5504000,0.04778190702199936,0.9656753540039062,0.050929196178913116,0.9656766653060913
5529600,0.030076898634433746,0.965771496295929,0.0534612275660038,0.9657735228538513
5555200,0.0365392342209816,0.9658592939376831,0.049638740718364716,0.9658609628677368
5580800,0.03759530931711197,0.9659421443939209,0.054541539400815964,0.9659436345100403
5606400,0.03691519796848297,0.9660379886627197,0.08355551958084106,0.9660389423370361
5632000,0.04374627023935318,0.9661242961883545,0.09061665087938309,0.9661254286766052
5657600,0.028713824227452278,0.9662044644355774,0.06308630853891373,0.9662057161331177
5683200,0.04131488502025604,0.9662935733795166,0.07288291305303574,0.9662944674491882
5708800,0.05330542474985123,0.9663727283477783,0.031340908259153366,0.9663748145103455
5734400,0.03382985666394234,0.9664604663848877,0.06673247367143631,0.966461181640625
5760000,0.06361700594425201,0.96654212474823,0.06956253200769424,0.9665431380271912
5785600,0.04638233408331871,0.9666208028793335,0.02608240582048893,0.966623067855835
5811200,0.03460824862122536,0.966702938079834,0.08037050068378448,0.9667035937309265
5836800,0.03786987066268921,0.966789960861206,0.06377969682216644,0.9667911529541016
5862400,0.05011312663555145,0.9668739438056946,0.0496426597237587,0.9668751358985901
5888000,0.04133128374814987,0.9669473767280579,0.03589343652129173,0.9669495224952698
5913600,0.04665631800889969,0.9670276045799255,0.07122252136468887,0.967028796672821
5939200,0.05213691666722298,0.9671040177345276,0.024470094591379166,0.9671059846878052
5964800,0.019414536654949188,0.967187225818634,0.044835370033979416,0.9671886563301086
5990400,0.05201007053256035,0.9672685265541077,0.04403141513466835,0.967269778251648
6016000,0.051973287016153336,0.9673476219177246,0.035340070724487305,0.9673495292663574
6041600,0.03316345438361168,0.9674258232116699,0.06493345648050308,0.9674267172813416
6067200,0.04585432633757591,0.9675039052963257,0.06035533919930458,0.9675048589706421
6092800,0.013224463909864426,0.9675854444503784,0.07174307107925415,0.9675858616828918
6118400,0.03237370029091835,0.9676616191864014,0.07399287074804306,0.9676621556282043
6144000,0.026123326271772385,0.9677317142486572,0.01852230355143547,0.9677340388298035
6169600,0.04603041708469391,0.9678090214729309,0.050732094794511795,0.9678100347518921
6195200,0.054554153233766556,0.967883825302124,0.05404987931251526,0.9678853154182434
6220800,0.05957445874810219,0.96795654296875,0.0638299360871315,0.9679573774337769
6246400,0.03668899089097977,0.9680255651473999,0.021747294813394547,0.9680275321006775
6272000,0.016179699450731277,0.9680949449539185,0.03467176482081413,0.9680970311164856
6297600,0.04211274906992912,0.9681709408760071,0.09378302097320557,0.9681718945503235
6323200,0.05913527309894562,0.9682431817054749,0.05006106197834015,0.9682443141937256
6348800,0.033609192818403244,0.9683167338371277,0.0595586895942688,0.968317985534668
6374400,0.039522916078567505,0.9683899879455566,0.05002785846590996,0.9683910608291626
6400000,0.12165172398090363,0.9684620499610901,0.04629026725888252,0.9684630036354065
6425600,0.04617319256067276,0.9685288071632385,0.06642906367778778,0.9685298800468445
6451200,0.030820729210972786,0.9686012268066406,0.028416229411959648,0.9686031937599182
6476800,0.05076948553323746,0.9686726331710815,0.051615193486213684,0.9686738848686218
6502400,0.040961459279060364,0.9687371850013733,0.058631781488657,0.9687380790710449
6528000,0.0522720068693161,0.9687982201576233,0.07787097990512848,0.9687991142272949
6553600,0.03699489310383797,0.968865156173706,0.03629928082227707,0.9688669443130493
6579200,0.034439872950315475,0.9689372777938843,0.07018639147281647,0.9689384698867798
6604800,0.02692270651459694,0.9690045714378357,0.09236228466033936,0.969005286693573
6630400,0.013165250420570374,0.9690687656402588,0.03635901212692261,0.9690701961517334
6656000,0.0416940338909626,0.9691271781921387,0.06055521219968796,0.9691277742385864
6681600,0.04744841903448105,0.9691877961158752,0.09770737588405609,0.9691880941390991
6707200,0.061656124889850616,0.9692507386207581,0.03569338470697403,0.9692518711090088
6732800,0.035995710641145706,0.9693198800086975,0.0786442831158638,0.9693205952644348
6758400,0.028211595490574837,0.9693798422813416,0.07631240785121918,0.9693806171417236
6784000,0.04063783586025238,0.9694429039955139,0.0695691928267479,0.9694437384605408
6809600,0.035618510097265244,0.969505786895752,0.08211866021156311,0.9695063233375549
6835200,0.049142979085445404,0.9695656299591064,0.04248649254441261,0.9695670008659363
6860800,0.06144275143742561,0.969623327255249,0.05286816880106926,0.9696245193481445
6886400,0.044656701385974884,0.9696865677833557,0.03175998851656914,0.9696881771087646
6912000,0.04590550437569618,0.9697505831718445,0.028073037043213844,0.9697519540786743
6937600,0.05324619263410568,0.969817578792572,0.04959679767489433,0.9698183536529541
6963200,0.03601659834384918,0.9698806405067444,0.058411628007888794,0.969881534576416
6988800,0.04628301411867142,0.9699421525001526,0.06700176745653152,0.9699431657791138
7014400,0.02319379150867462,0.9700031876564026,0.07076328247785568,0.9700038433074951
7040000,0.03495531156659126,0.9700585603713989,0.047040905803442,0.9700592756271362
7065600,0.026337962597608566,0.9701189994812012,0.033915724605321884,0.9701204299926758
7091200,0.02263566106557846,0.9701766967773438,0.042165469378232956,0.9701778292655945
7116800,0.022974178194999695,0.970237135887146,0.05036374554038048,0.9702382683753967
7142400,0.02630450204014778,0.97029709815979,0.036761898547410965,0.9702985286712646
7168000,0.01811482384800911,0.9703616499900818,0.05615906044840813,0.9703624844551086
7193600,0.05809769034385681,0.9704184532165527,0.04387544095516205,0.9704198241233826
7219200,0.05031988024711609,0.9704737663269043,0.052309900522232056,0.9704747200012207
7244800,0.04559691250324249,0.9705307483673096,0.0751723051071167,0.9705312848091125
7270400,0.04320848360657692,0.9705888032913208,0.03275276720523834,0.9705904126167297
7296000,0.032504789531230927,0.970649778842926,0.056689150631427765,0.970650851726532
7321600,0.0809442475438118,0.9707078337669373,0.05901973322033882,0.9707089066505432
7347200,0.04360867291688919,0.9707634449005127,0.054950810968875885,0.9707642197608948
7372800,0.04750477150082588,0.9708166718482971,0.028634214773774147,0.9708178639411926
7398400,0.042504653334617615,0.9708741903305054,0.05837675556540489,0.970875084400177
7424000,0.03190319240093231,0.9709292054176331,0.07841281592845917,0.9709298610687256
7449600,0.049521736800670624,0.9709841012954712,0.05509229004383087,0.970984697341919
7475200,0.05173119902610779,0.9710379242897034,0.06312540918588638,0.971038818359375
7500800,0.04904452711343765,0.971095621585846,0.05508957430720329,0.9710965156555176
7526400,0.058517906814813614,0.9711472988128662,0.07081665098667145,0.9711477756500244
7552000,0.05321986600756645,0.9712008237838745,0.054273538291454315,0.9712017178535461
7577600,0.05606779083609581,0.9712522029876709,0.057412728667259216,0.9712529182434082
7603200,0.034985076636075974,0.9713037014007568,0.03547690436244011,0.9713049530982971
7628800,0.05806385725736618,0.9713565707206726,0.0523507259786129,0.971357524394989
7654400,0.034452226012945175,0.9714096784591675,0.043903980404138565,0.9714105725288391
7680000,0.06538939476013184,0.971461832523346,0.039329644292593,0.9714628458023071
7705600,0.0744529664516449,0.9715140461921692,0.06203242763876915,0.9715147614479065
7731200,0.03954898938536644,0.9715660214424133,0.020337127149105072,0.9715676307678223
7756800,0.016062883660197258,0.9716120958328247,0.07416319847106934,0.9716126322746277
7782400,0.028050800785422325,0.9716616272926331,0.0637618899345398,0.9716620445251465
7808000,0.024467408657073975,0.9717116951942444,0.07293221354484558,0.9717122912406921
7833600,0.03227340802550316,0.9717628359794617,0.025983862578868866,0.9717643857002258
7859200,0.05854285508394241,0.9718112945556641,0.04528326541185379,0.9718120694160461
7884800,0.017216257750988007,0.9718605279922485,0.027036042883992195,0.9718613028526306
7910400,0.03974103927612305,0.971904993057251,0.041623760014772415,0.9719057679176331
7936000,0.037524815648794174,0.9719551205635071,0.052800484001636505,0.9719557762145996
7961600,0.030657095834612846,0.9719984531402588,0.05833997204899788,0.9719988703727722
7987200,0.01912158541381359,0.9720402359962463,0.04866144806146622,0.972041130065918
8012800,0.021125854924321175,0.9720897674560547,0.07553059607744217,0.9720901846885681
8038400,0.02495107613503933,0.9721368551254272,0.10615101456642151,0.972136378288269
8064000,0.022576041519641876,0.9721878170967102,0.055925458669662476,0.9721885919570923
8089600,0.06348593533039093,0.9722332954406738,0.07587938010692596,0.9722333550453186
8115200,0.016821494325995445,0.9722818732261658,0.05922211706638336,0.9722827672958374
8140800,0.04804214835166931,0.972329318523407,0.056423529982566833,0.9723301529884338
8166400,0.05278485268354416,0.9723760485649109,0.06310360878705978,0.9723767042160034
8192000,0.057943668216466904,0.972424328327179,0.0451069176197052,0.9724254012107849
8217600,0.06148771196603775,0.9724743366241455,0.040370360016822815,0.9724751710891724
8243200,0.047622911632061005,0.9725189805030823,0.06945762783288956,0.9725193977355957
8268800,0.04437876492738724,0.9725621342658997,0.06323345005512238,0.9725622534751892
8294400,0.06951699405908585,0.9726106524467468,0.042820077389478683,0.9726115465164185
8320000,0.033208828419446945,0.9726580381393433,0.03918395936489105,0.9726588129997253
8345600,0.049863047897815704,0.9727051258087158,0.07215378433465958,0.9727057218551636
8371200,0.027332182973623276,0.9727514386177063,0.04319680482149124,0.9727521538734436
8396800,0.025418514385819435,0.972794234752655,0.050566110759973526,0.972795307636261
8422400,0.042864494025707245,0.9728385210037231,0.05149994418025017,0.9728392362594604
8448000,0.03057427704334259,0.9728829860687256,0.05055529624223709,0.9728837013244629
8473600,0.04409930855035782,0.9729276895523071,0.05918116867542267,0.9729281067848206
8499200,0.02807820588350296,0.9729694128036499,0.04087673872709274,0.9729699492454529
8524800,0.046954140067100525,0.9730126261711121,0.03257398679852486,0.9730135202407837
8550400,0.049730297178030014,0.9730550050735474,0.05456462502479553,0.973055362701416
8576000,0.043399423360824585,0.9730965495109558,0.04097730666399002,0.9730972647666931
8601600,0.01767616532742977,0.9731398224830627,0.05274293199181557,0.9731404781341553
8627200,0.05152318999171257,0.9731854200363159,0.06079776585102081,0.9731860756874084
8652800,0.02296263910830021,0.9732270240783691,0.06313109397888184,0.9732275605201721
8678400,0.033083777874708176,0.9732691645622253,0.051190782338380814,0.9732699394226074
8704000,0.023888535797595978,0.9733110666275024,0.030751174315810204,0.9733120799064636
8729600,0.05619002878665924,0.9733542799949646,0.0724705308675766,0.973354697227478
8755200,0.026988904923200607,0.973395586013794,0.05634560436010361,0.9733961224555969
8780800,0.040837470442056656,0.9734383225440979,0.0745149701833725,0.9734388589859009
8806400,0.037057310342788696,0.9734803438186646,0.055715031921863556,0.973480761051178
8832000,0.036568570882081985,0.9735219478607178,0.053315162658691406,0.973522424697876
8857600,0.034616485238075256,0.9735594987869263,0.030641047284007072,0.9735604524612427
8883200,0.02827022224664688,0.9735983610153198,0.021855590865015984,0.9735993146896362
8908800,0.03672563657164574,0.9736401438713074,0.031411752104759216,0.9736409783363342
8934400,0.02531353011727333,0.9736829400062561,0.08159952610731125,0.97368323802948
8960000,0.03976224362850189,0.9737224578857422,0.05475378781557083,0.9737229347229004
8985600,0.015078847296535969,0.9737631678581238,0.07101035863161087,0.9737635850906372
9011200,0.02652909979224205,0.9738046526908875,0.04809955880045891,0.9738050103187561
9036800,0.04344836249947548,0.973844051361084,0.05997069925069809,0.9738447070121765
9062400,0.030596356838941574,0.9738837480545044,0.0932183638215065,0.973884105682373
9088000,0.03736521303653717,0.9739230871200562,0.06241790950298309,0.9739236831665039
9113600,0.048980504274368286,0.973962128162384,0.08726219087839127,0.9739620685577393
9139200,0.024151723831892014,0.9739999771118164,0.03575773537158966,0.9740006923675537
9164800,0.032059572637081146,0.9740334749221802,0.027988672256469727,0.9740342497825623
9190400,0.039216913282871246,0.9740738868713379,0.05329107865691185,0.9740747809410095
9216000,0.031666286289691925,0.9741145372390747,0.06302783638238907,0.9741147756576538
9241600,0.02390921302139759,0.9741496443748474,0.06680546700954437,0.9741501808166504
9267200,0.02221018448472023,0.974186360836029,0.0699116587638855,0.9741864800453186
9292800,0.04699891805648804,0.9742233753204346,0.019218267872929573,0.974224328994751
9318400,0.048874713480472565,0.9742594361305237,0.07768338918685913,0.9742594957351685
9344000,0.05156891793012619,0.9742972254753113,0.04199467971920967,0.9742978811264038
9369600,0.022023512050509453,0.9743348360061646,0.04739505425095558,0.9743354916572571
9395200,0.006433865055441856,0.9743736386299133,0.02284291572868824,0.9743747115135193
9420800,0.05982761085033417,0.9744119644165039,0.03618807718157768,0.974412739276886
9446400,0.02798687480390072,0.9744487404823303,0.048481155186891556,0.9744492769241333
9472000,0.029112841933965683,0.9744865298271179,0.0747872143983841,0.9744865298271179
9497600,0.022382505238056183,0.9745233654975891,0.05621396750211716,0.9745239019393921
9523200,0.026608966290950775,0.9745596647262573,0.06333831697702408,0.9745596647262573
9548800,0.02371465228497982,0.9745951294898987,0.03322412073612213,0.974595844745636
9574400,0.03538786619901657,0.9746314883232117,0.08663161844015121,0.974631667137146
9600000,0.05816104635596275,0.9746673703193665,0.053860653191804886,0.9746679663658142
9625600,0.04043366387486458,0.9747025370597839,0.06040901318192482,0.9747029542922974
9651200,0.059654682874679565,0.974737286567688,0.03926858305931091,0.9747381806373596
9676800,0.03341122716665268,0.9747759103775024,0.03973386809229851,0.9747764468193054
9702400,0.020718548446893692,0.9748116731643677,0.053800761699676514,0.9748124480247498
9728000,0.052469104528427124,0.9748489260673523,0.03241472318768501,0.9748495221138
9753600,0.031610794365406036,0.9748838543891907,0.06558040529489517,0.9748839735984802
9779200,0.026098057627677917,0.9749172329902649,0.03946880251169205,0.9749178290367126
9804800,0.035353273153305054,0.9749552011489868,0.03518068790435791,0.9749557971954346
9830400,0.02895316109061241,0.9749874472618103,0.061083272099494934,0.9749876260757446
9856000,0.054130423814058304,0.9750240445137024,0.049395959824323654,0.975024402141571
9881600,0.020792361348867416,0.975058913230896,0.07404548674821854,0.9750590920448303
9907200,0.040890343487262726,0.9750902056694031,0.03533151000738144,0.9750906825065613
9932800,0.021426470950245857,0.9751235842704773,0.0658152624964714,0.9751238822937012
9958400,0.022407621145248413,0.975160539150238,0.06463740020990372,0.9751608371734619
9984000,0.04345027729868889,0.9751956462860107,0.051570381969213486,0.9751957654953003
10009600,0.05361589416861534,0.9752302169799805,0.047869693487882614,0.9752306938171387
10035200,0.0375821478664875,0.9752620458602905,0.046878881752491,0.9752625226974487
10060800,0.029795195907354355,0.9752933979034424,0.033972617238759995,0.9752941727638245
10086400,0.025937099009752274,0.975327730178833,0.04941662400960922,0.9753280878067017
10112000,0.04990377277135849,0.9753594398498535,0.03150621056556702,0.9753602147102356
10137600,0.01946425437927246,0.9753907322883606,0.05472786724567413,0.9753910899162292
10163200,0.057848043739795685,0.9754222631454468,0.05485495924949646,0.9754228591918945
10188800,0.041992250829935074,0.9754539728164673,0.03310118988156319,0.9754548072814941
10214400,0.026610378175973892,0.975487470626831,0.04049961641430855,0.9754880666732788
10240000,0.054908499121665955,0.9755211472511292,0.03116910718381405,0.975521981716156
10265600,0.02398388832807541,0.9755533933639526,0.03999762237071991,0.9755538105964661
10291200,0.014703461900353432,0.9755849242210388,0.029157131910324097,0.9755858182907104
10316800,0.0193122960627079,0.975614607334137,0.061864472925662994,0.9756148457527161
10342400,0.012343710288405418,0.9756482839584351,0.04681861400604248,0.9756487607955933
10368000,0.046384621411561966,0.9756813645362854,0.023761728778481483,0.9756821393966675
10393600,0.024074485525488853,0.9757139682769775,0.010447765700519085,0.9757150411605835
10419200,0.014233889989554882,0.9757454991340637,0.05880235880613327,0.9757455587387085
10444800,0.035173557698726654,0.975776731967926,0.050984930247068405,0.9757772088050842
10470400,0.05262374132871628,0.9758081436157227,0.04096360504627228,0.9758089184761047
10496000,0.03825434669852257,0.9758390188217163,0.040253523737192154,0.9758396148681641
10521600,0.017192572355270386,0.9758716225624084,0.07918387651443481,0.975871741771698
10547200,0.052214767783880234,0.9759044051170349,0.05243540555238724,0.9759047627449036
10572800,0.03011501580476761,0.9759367108345032,0.06592809408903122,0.9759371876716614
10598400,0.0421721450984478,0.9759681820869446,0.04223227873444557,0.975968599319458
10624000,0.0662124827504158,0.9759992361068726,0.034547992050647736,0.9759997129440308
10649600,0.040737252682447433,0.9760319590568542,0.07682432979345322,0.976032018661499
10675200,0.06206996366381645,0.9760600924491882,0.039422959089279175,0.9760606288909912
10700800,0.01966993138194084,0.9760929942131042,0.04059669375419617,0.9760934710502625
10726400,0.027804121375083923,0.976119875907898,0.029991844668984413,0.9761205315589905
10752000,0.02842637524008751,0.9761495590209961,0.05468576401472092,0.97614985704422
10777600,0.04327869787812233,0.9761794805526733,0.023534037172794342,0.9761803150177002
10803200,0.03797469660639763,0.9762094020843506,0.06289692223072052,0.9762095808982849
10828800,0.07438241690397263,0.9762367010116577,0.040797311812639236,0.9762371182441711
10854400,0.03815387561917305,0.976265549659729,0.023350395262241364,0.9762662053108215
10880000,0.02982999011874199,0.9762968420982361,0.040663838386535645,0.97629714012146
10905600,0.024442151188850403,0.9763251543045044,0.02025221288204193,0.9763259291648865
10931200,0.01707342267036438,0.9763587117195129,0.04506213217973709,0.9763591885566711
10956800,0.032416027039289474,0.97639000415802,0.02250087633728981,0.9763907194137573
10982400,0.019355393946170807,0.9764207601547241,0.05638943240046501,0.9764208197593689
11008000,0.037230465561151505,0.9764491319656372,0.05616071820259094,0.9764494895935059
11033600,0.0385243184864521,0.9764766693115234,0.08472400903701782,0.9764770269393921
11059200,0.020134108141064644,0.9765045046806335,0.04803251475095749,0.9765049815177917
11084800,0.0457037016749382,0.9765328764915466,0.029275555163621902,0.9765335917472839
11110400,0.03434038162231445,0.9765608906745911,0.03359396010637283,0.9765616059303284
11136000,0.024783190339803696,0.9765909314155579,0.04229065775871277,0.976591169834137
11161600,0.030062105506658554,0.9766190648078918,0.04377950355410576,0.9766196012496948
11187200,0.03191143274307251,0.976645290851593,0.051406919956207275,0.9766456484794617
11212800,0.0433066226541996,0.9766736030578613,0.028478622436523438,0.9766742587089539
11238400,0.035931408405303955,0.9767017364501953,0.04233443737030029,0.9767023921012878
11264000,0.018446899950504303,0.9767283797264099,0.03688763082027435,0.976729154586792
11289600,0.02181081660091877,0.9767548441886902,0.04648307338356972,0.9767552018165588
11315200,0.030747365206480026,0.9767825603485107,0.023916495963931084,0.9767831563949585
11340800,0.04083561152219772,0.9768088459968567,0.0619158037006855,0.9768093824386597
11366400,0.040984250605106354,0.9768341779708862,0.045195166021585464,0.976834774017334
11392000,0.039781950414180756,0.9768626689910889,0.022961804643273354,0.9768632650375366
11417600,0.04315521568059921,0.976888120174408,0.04936119168996811,0.9768884778022766
11443200,0.018175575882196426,0.9769161343574524,0.04992537200450897,0.976916491985321
11468800,0.029221344739198685,0.9769408106803894,0.05034913122653961,0.976940929889679
11494400,0.04523637518286705,0.9769691824913025,0.03138775750994682,0.976969838142395
11520000,0.04706380143761635,0.9769958257675171,0.06857043504714966,0.9769960641860962
11545600,0.051234081387519836,0.9770227074623108,0.05951985344290733,0.9770228862762451
11571200,0.04089132696390152,0.9770473837852478,0.053491100668907166,0.9770476818084717
11596800,0.03243052214384079,0.977073609828949,0.0342743918299675,0.977074146270752
11622400,0.05698395520448685,0.9771018624305725,0.07293979078531265,0.9771019220352173
11648000,0.021606139838695526,0.9771279096603394,0.03819825127720833,0.9771285057067871
11673600,0.04811464995145798,0.977152943611145,0.04705968499183655,0.9771533608436584
11699200,0.03608193248510361,0.9771804213523865,0.04519888013601303,0.9771807193756104
11724800,0.044246431440114975,0.9772049784660339,0.05284764990210533,0.9772053956985474
11750400,0.0376213900744915,0.9772326350212097,0.06471417844295502,0.9772327542304993
11776000,0.05460052192211151,0.9772554039955139,0.05746879428625107,0.9772555828094482
11801600,0.019887270405888557,0.9772812128067017,0.03961166366934776,0.9772816896438599
11827200,0.03485763818025589,0.977304995059967,0.04772016778588295,0.9773054718971252
11852800,0.028630737215280533,0.9773327112197876,0.05571840703487396,0.9773328900337219
11878400,0.023236040025949478,0.9773580431938171,0.03726399317383766,0.9773584008216858
11904000,0.023205284029245377,0.977381706237793,0.0631452202796936,0.977381706237793
11929600,0.018500182777643204,0.9774096608161926,0.03743962571024895,0.977410078048706
11955200,0.030598703771829605,0.9774328470230103,0.08148564398288727,0.9774327278137207
11980800,0.04011938348412514,0.977456271648407,0.04805814102292061,0.9774566888809204
12006400,0.04192584007978439,0.977481484413147,0.047290585935115814,0.9774818420410156
12032000,0.022054094821214676,0.9775067567825317,0.05975722521543503,0.9775070548057556
12057600,0.013153291307389736,0.9775327444076538,0.07646091282367706,0.9775326251983643
12083200,0.024690568447113037,0.977557897567749,0.05504608899354935,0.9775581359863281
12108800,0.02043794095516205,0.9775835871696472,0.037385243922472,0.9775838851928711
12134400,0.01972375623881817,0.9776094555854797,0.052653804421424866,0.9776098132133484
12160000,0.04880639538168907,0.9776322841644287,0.04587097838521004,0.9776325225830078
12185600,0.03694184496998787,0.9776567816734314,0.053492188453674316,0.9776570796966553
12211200,0.021369874477386475,0.9776809215545654,0.043968565762043,0.9776813387870789
12236800,0.0400148406624794,0.9777019619941711,0.0682634562253952,0.9777019023895264
12262400,0.020794015377759933,0.977725088596344,0.03271394222974777,0.977725625038147
12288000,0.03318050131201744,0.9777498841285706,0.04848456382751465,0.9777502417564392
12313600,0.05122637003660202,0.9777745604515076,0.024362713098526,0.977774977684021
12339200,0.033796291798353195,0.9777974486351013,0.05215824395418167,0.977797269821167
12364800,0.022763215005397797,0.9778203964233398,0.03870400786399841,0.9778206944465637
12390400,0.02745809592306614,0.9778454899787903,0.05082269757986069,0.9778456687927246
12416000,0.0286012664437294,0.9778702855110168,0.04326995089650154,0.9778703451156616
12441600,0.035867683589458466,0.9778927564620972,0.04213452711701393,0.9778928160667419
12467200,0.04708635434508324,0.977914571762085,0.038115233182907104,0.9779149889945984
12492800,0.04499837011098862,0.9779367446899414,0.031313009560108185,0.9779372215270996
12518400,0.04993663355708122,0.9779610633850098,0.06631454825401306,0.9779612421989441
12544000,0.04835498705506325,0.9779837131500244,0.039331670850515366,0.9779841303825378
12569600,0.023731965571641922,0.9780065417289734,0.04836077243089676,0.9780069589614868
12595200,0.03488428518176079,0.9780277609825134,0.07261289656162262,0.9780279397964478
12620800,0.04521874338388443,0.9780501127243042,0.04691903293132782,0.9780505299568176
12646400,0.04000525176525116,0.978072464466095,0.05750052258372307,0.9780727028846741
12672000,0.015098612755537033,0.9780950546264648,0.061298664659261703,0.9780951738357544
12697600,0.03577021136879921,0.9781169891357422,0.06822793185710907,0.9781171083450317
12723200,0.026363158598542213,0.9781410098075867,0.02707195281982422,0.9781415462493896
12748800,0.03402267396450043,0.9781662821769714,0.03442179411649704,0.9781666994094849
12774400,0.05787830799818039,0.9781884551048279,0.036529574543237686,0.9781889319419861
12800000,0.026591945439577103,0.9782138466835022,0.059928543865680695,0.9782140254974365
12825600,0.07315696775913239,0.9782342314720154,0.060339268296957016,0.9782344102859497
12851200,0.029853470623493195,0.978257954120636,0.050930798053741455,0.9782582521438599
12876800,0.025620177388191223,0.9782795906066895,0.035138312727212906,0.9782798290252686
12902400,0.043532855808734894,0.9783000349998474,0.04490240663290024,0.9783003926277161
12928000,0.020720433443784714,0.9783197045326233,0.0485336109995842,0.9783197641372681
12953600,0.03162676841020584,0.9783400893211365,0.051370758563280106,0.978340208530426
12979200,0.036867234855890274,0.9783613085746765,0.046891164034605026,0.9783613681793213
13004800,0.05053464323282242,0.97838294506073,0.05579813942313194,0.9783831238746643
13030400,0.05145389959216118,0.9784043431282043,0.017847733572125435,0.9784049391746521
13056000,0.04527048394083977,0.9784271121025085,0.048114292323589325,0.978427529335022
13081600,0.02497112937271595,0.9784486293792725,0.06660744547843933,0.9784486889839172
13107200,0.01825297437608242,0.9784724712371826,0.014070870354771614,0.9784730672836304
13132800,0.02552177384495735,0.9784982204437256,0.08960877358913422,0.9784981608390808
13158400,0.019356796517968178,0.9785184264183044,0.022478953003883362,0.9785191416740417
13184000,0.0583384744822979,0.9785397052764893,0.020158173516392708,0.9785401821136475
13209600,0.025697199627757072,0.9785616397857666,0.042078178375959396,0.97856205701828
13235200,0.017809627577662468,0.9785822033882141,0.0712873786687851,0.9785822629928589
13260800,0.017905117943882942,0.9786058664321899,0.045571230351924896,0.978606104850769
13286400,0.016993604600429535,0.9786293506622314,0.03328956291079521,0.9786297082901001
13312000,0.02562318928539753,0.9786496758460999,0.05943237245082855,0.9786499738693237
13337600,0.017578212544322014,0.978670060634613,0.035746973007917404,0.9786704182624817
13363200,0.0046069202944636345,0.9786908030509949,0.03554699197411537,0.9786913990974426
13388800,0.024048976600170135,0.9787130951881409,0.07395778596401215,0.9787131547927856
13414400,0.026904087513685226,0.9787336587905884,0.056300386786460876,0.9787337183952332
13440000,0.04093184694647789,0.9787543416023254,0.04882355034351349,0.9787546992301941
13465600,0.031640518456697464,0.9787753820419312,0.056414894759655,0.9787754416465759
13491200,0.011021499522030354,0.97879558801651,0.06053102761507034,0.9787959456443787
13516800,0.0269152894616127,0.978816032409668,0.03014882281422615,0.9788163304328918
13542400,0.03472356125712395,0.9788349270820618,0.017329135909676552,0.9788354635238647
13568000,0.030078532174229622,0.9788551330566406,0.07441538572311401,0.9788551926612854
13593600,0.011105405166745186,0.9788779616355896,0.055283211171627045,0.9788782000541687
13619200,0.015615269541740417,0.9788987636566162,0.048293501138687134,0.9788991212844849
13644800,0.03151882812380791,0.9789164662361145,0.07040734589099884,0.9789166450500488
13670400,0.01921607367694378,0.9789338707923889,0.04320221394300461,0.9789342880249023
13696000,0.017739614471793175,0.9789539575576782,0.04399781674146652,0.9789543747901917
13721600,0.015123242512345314,0.9789736866950989,0.024726813659071922,0.9789739847183228
13747200,0.029619328677654266,0.9789945483207703,0.053287990391254425,0.9789947867393494
13772800,0.040463656187057495,0.9790162444114685,0.021425927057862282,0.9790166616439819
13798400,0.04725576192140579,0.979036271572113,0.03125074878334999,0.9790365099906921
13824000,0.029567688703536987,0.9790560007095337,0.06981115788221359,0.9790561199188232
13849600,0.05948006734251976,0.9790734648704529,0.04475840926170349,0.979073703289032
13875200,0.04347732663154602,0.9790929555892944,0.0649208128452301,0.979093074798584
13900800,0.039048872888088226,0.9791114330291748,0.04777473211288452,0.9791117310523987
13926400,0.03621683642268181,0.9791306853294373,0.03042757883667946,0.9791310429573059
13952000,0.020480025559663773,0.9791497588157654,0.0602031871676445,0.9791498184204102
13977600,0.031110966578125954,0.9791690707206726,0.03228023275732994,0.9791694283485413
14003200,0.03262334316968918,0.9791889190673828,0.07195508480072021,0.979188859462738
14028800,0.0357879213988781,0.9792054891586304,0.05081183835864067,0.9792059063911438
14054400,0.010985316708683968,0.9792250394821167,0.04068746417760849,0.9792255759239197
14080000,0.024598930031061172,0.9792436361312866,0.04473353922367096,0.9792436957359314
14105600,0.027636421844363213,0.9792640209197998,0.05047331377863884,0.9792641997337341
14131200,0.039704713970422745,0.9792844653129578,0.05780515447258949,0.9792846441268921
14156800,0.044348083436489105,0.9793055057525635,0.025466369464993477,0.9793058633804321
14182400,0.03332870081067085,0.9793224930763245,0.08115687966346741,0.9793226718902588
14208000,0.025039222091436386,0.9793412089347839,0.061080168932676315,0.979341447353363
14233600,0.023025790229439735,0.9793594479560852,0.02243862859904766,0.9793598651885986
14259200,0.05674891173839569,0.9793780446052551,0.027637703344225883,0.9793785214424133
14284800,0.02749168686568737,0.9793962836265564,0.07195894420146942,0.979396402835846
14310400,0.038129448890686035,0.9794141054153442,0.04589728266000748,0.9794143438339233
14336000,0.039150942116975784,0.9794325232505798,0.047922343015670776,0.9794328212738037
14361600,0.013780365698039532,0.9794504046440125,0.04113766551017761,0.9794505834579468
14387200,0.026767801493406296,0.9794712066650391,0.050249889492988586,0.9794716238975525
14412800,0.02632211707532406,0.9794917106628418,0.06514234840869904,0.9794914722442627
14438400,0.026445111259818077,0.9795098900794983,0.03369743004441261,0.9795101881027222
14464000,0.02438303641974926,0.9795263409614563,0.035159774124622345,0.9795267581939697
14489600,0.03231498599052429,0.9795442223548889,0.03796236217021942,0.979544460773468
14515200,0.026845209300518036,0.9795642495155334,0.07407291978597641,0.9795643091201782
14540800,0.027727346867322922,0.9795826077461243,0.027722977101802826,0.9795829057693481
14566400,0.007924296893179417,0.9796012043952942,0.039029207080602646,0.9796015024185181
14592000,0.038503311574459076,0.9796198010444641,0.0679493099451065,0.9796197414398193
14617600,0.02271004021167755,0.9796364307403564,0.06828425079584122,0.9796364903450012
14643200,0.019582845270633698,0.9796567559242249,0.0700044110417366,0.9796566963195801
14668800,0.038030724972486496,0.979672908782959,0.02463977225124836,0.9796733856201172
14694400,0.04584325850009918,0.9796902537345886,0.02811107411980629,0.9796906113624573
14720000,0.03517995774745941,0.9797071218490601,0.05554572492837906,0.9797073602676392
14745600,0.017908895388245583,0.9797234535217285,0.05924017354846001,0.9797233939170837
14771200,0.018947865813970566,0.979744017124176,0.06973807513713837,0.9797439575195312
14796800,0.029803438112139702,0.9797594547271729,0.06433957815170288,0.9797594547271729
14822400,0.04184934124350548,0.9797748327255249,0.060760099440813065,0.9797747731208801
14848000,0.044496018439531326,0.9797927141189575,0.05311562493443489,0.9797930121421814
14873600,0.02036280930042267,0.979810357093811,0.016116417944431305,0.979810893535614
14899200,0.04073048382997513,0.9798279404640198,0.031719040125608444,0.9798282980918884
14924800,0.0373183935880661,0.9798456430435181,0.04123418405652046,0.9798460006713867
14950400,0.027582062408328056,0.9798625111579895,0.06071364879608154,0.979862630367279
14976000,0.03305802121758461,0.9798782467842102,0.05965565890073776,0.979878306388855
15001600,0.026274599134922028,0.9798951745033264,0.09272561967372894,0.9798951745033264
15027200,0.03227895498275757,0.9799134135246277,0.04070807993412018,0.9799134731292725
15052800,0.011832557618618011,0.9799292683601379,0.06146769970655441,0.9799290895462036
15078400,0.016081981360912323,0.9799444079399109,0.033810872584581375,0.97994464635849
15104000,0.02257619984447956,0.9799619913101196,0.043848916888237,0.979962170124054
15129600,0.034264955669641495,0.979978084564209,0.04867689311504364,0.9799782633781433
15155200,0.029566336423158646,0.9799932241439819,0.08482895791530609,0.9799931645393372
15180800,0.013612315058708191,0.9800101518630981,0.02270362712442875,0.9800105690956116
15206400,0.013042869046330452,0.9800281524658203,0.041924066841602325,0.9800283312797546
15232000,0.015546459704637527,0.9800467491149902,0.0635981485247612,0.9800469279289246
15257600,0.020172638818621635,0.9800642728805542,0.030685245990753174,0.9800646305084229
15283200,0.015508345328271389,0.9800814390182495,0.029737461358308792,0.9800816178321838
15308800,0.04556538909673691,0.9800987839698792,0.02154798060655594,0.9800992608070374
15334400,0.015077202580869198,0.980115532875061,0.041664548218250275,0.9801158308982849
15360000,0.02292163111269474,0.9801309108734131,0.07913663983345032,0.9801311492919922
15385600,0.008854125626385212,0.9801487326622009,0.06980372220277786,0.9801487326622009
15411200,0.020345795899629593,0.9801653623580933,0.03764668479561806,0.9801656007766724
15436800,0.04915580153465271,0.9801826477050781,0.053192317485809326,0.9801825881004333
15462400,0.030332209542393684,0.9801985025405884,0.02807193249464035,0.9801989793777466
15488000,0.02245578169822693,0.9802142977714539,0.05610665678977966,0.9802146553993225
15513600,0.01617269217967987,0.9802300333976746,0.05124761909246445,0.9802302122116089
15539200,0.03512114658951759,0.9802455902099609,0.039602555334568024,0.98024582862854
15564800,0.04191373661160469,0.9802601933479309,0.03918084502220154,0.9802604913711548
15590400,0.025323297828435898,0.9802758693695068,0.04937680438160896,0.9802762269973755
15616000,0.013422452844679356,0.9802918434143066,0.027884935960173607,0.9802922606468201
15641600,0.0383315347135067,0.9803082346916199,0.0854724794626236,0.9803082346916199
15667200,0.03499774634838104,0.9803235530853271,0.03728676587343216,0.9803237318992615
15692800,0.023398740217089653,0.9803398251533508,0.04388905316591263,0.9803400635719299
15718400,0.012559697963297367,0.9803558588027954,0.07686907052993774,0.9803557395935059
15744000,0.034189675003290176,0.9803692102432251,0.04090232029557228,0.9803693890571594
15769600,0.0303933285176754,0.9803845286369324,0.07869233936071396,0.9803845286369324
15795200,0.033332157880067825,0.9804011583328247,0.048495784401893616,0.9804011583328247
15820800,0.030775411054491997,0.9804158806800842,0.060969654470682144,0.9804160594940186
15846400,0.03548239916563034,0.9804324507713318,0.03766787052154541,0.9804328083992004
15872000,0.05454592779278755,0.9804481863975525,0.049496859312057495,0.9804483652114868
15897600,0.0155791649594903,0.9804633259773254,0.008357985876500607,0.9804639220237732
15923200,0.02774755284190178,0.9804797768592834,0.0344514437019825,0.9804799556732178
15948800,0.0291476771235466,0.9804948568344116,0.03278708830475807,0.9804950952529907
15974400,0.037046581506729126,0.9805117845535278,0.05765991285443306,0.9805119037628174
16000000,0.023865507915616035,0.9805270433425903,0.06246018409729004,0.9805272221565247
16025600,0.025830497965216637,0.980542778968811,0.04225267469882965,0.9805429577827454
16051200,0.04011309891939163,0.9805586338043213,0.04224889725446701,0.9805588126182556
16076800,0.03334302455186844,0.9805737137794495,0.06888841837644577,0.980573832988739
16102400,0.043558213859796524,0.9805895090103149,0.04676249250769615,0.9805894494056702
16128000,0.02122686803340912,0.9806047081947327,0.06056474149227142,0.9806046485900879
16153600,0.011901726014912128,0.9806213974952698,0.04397863894701004,0.9806216359138489
16179200,0.012988203205168247,0.9806367754936218,0.03191858530044556,0.9806369543075562
16204800,0.02622130699455738,0.9806516170501709,0.03193914517760277,0.9806519150733948
16230400,0.0515890046954155,0.9806671142578125,0.056517843157052994,0.9806672930717468
16256000,0.06257477402687073,0.9806827902793884,0.0469878688454628,0.9806829690933228
16281600,0.020736336708068848,0.9806979298591614,0.06831131875514984,0.9806979298591614
16307200,0.03704202547669411,0.9807130694389343,0.03829113021492958,0.9807133078575134
16332800,0.02103949524462223,0.9807284474372864,0.04574619233608246,0.9807286858558655
16358400,0.014578853733837605,0.9807443618774414,0.03664296492934227,0.9807445406913757
16384000,0.04058801010251045,0.9807599782943726,0.038622383028268814,0.9807602763175964
16409600,0.030119601637125015,0.9807754158973694,0.02146187797188759,0.980775773525238
16435200,0.04911649227142334,0.9807891249656677,0.07626426219940186,0.9807891845703125
16460800,0.04447906091809273,0.9808050394058228,0.047700490802526474,0.9808048605918884
16486400,0.032624971121549606,0.9808207154273987,0.053413212299346924,0.9808209538459778
16512000,0.028409428894519806,0.9808327555656433,0.052776776254177094,0.9808328151702881
16537600,0.051531944423913956,0.9808469414710999,0.11214729398488998,0.9808467626571655
16563200,0.02625766023993492,0.9808603525161743,0.03817758336663246,0.9808604121208191
16588800,0.015979565680027008,0.9808754324913025,0.06574608385562897,0.9808754324913025
16614400,0.03559120371937752,0.980888307094574,0.08620744943618774,0.9808881878852844
16640000,0.018151670694351196,0.9809027314186096,0.017854826524853706,0.9809032082557678
16665600,0.010117835365235806,0.9809183478355408,0.0284181647002697,0.9809187650680542
16691200,0.035173650830984116,0.9809348583221436,0.08409664034843445,0.9809350371360779
16716800,0.014656861312687397,0.9809494018554688,0.05160173773765564,0.9809496402740479
16742400,0.02740962617099285,0.9809636473655701,0.04831487685441971,0.9809638261795044
16768000,0.03663286566734314,0.9809776544570923,0.06041303277015686,0.9809777140617371
16793600,0.03779244050383568,0.9809914827346802,0.049270957708358765,0.9809916615486145
16819200,0.05637166649103165,0.9810059070587158,0.058953285217285156,0.9810061454772949
16844800,0.014305420219898224,0.9810195565223694,0.04134868085384369,0.9810196757316589
16870400,0.02666962333023548,0.9810325503349304,0.04623996838927269,0.9810327887535095
16896000,0.0214413870126009,0.9810474514961243,0.03164046257734299,0.9810475707054138
16921600,0.030733952298760414,0.9810601472854614,0.0544101782143116,0.981060266494751
16947200,0.03896479681134224,0.9810742139816284,0.10242436826229095,0.9810742735862732
16972800,0.03838151693344116,0.9810879230499268,0.023256031796336174,0.9810882806777954
16998400,0.015268873423337936,0.9811016917228699,0.053141407668590546,0.9811017513275146
17024000,0.04037660360336304,0.9811159372329712,0.051601361483335495,0.9811158776283264
17049600,0.024871300905942917,0.9811296463012695,0.08350557088851929,0.9811296463012695
17075200,0.028391845524311066,0.9811446070671082,0.048895206302404404,0.9811449646949768
17100800,0.0274217389523983,0.9811586141586304,0.04453453794121742,0.981158971786499
17126400,0.029721040278673172,0.9811716675758362,0.023564277216792107,0.9811721444129944
17152000,0.008109791204333305,0.9811853766441345,0.04264754056930542,0.9811854958534241
17177600,0.03706389665603638,0.9811983704566956,0.03217492252588272,0.9811986684799194
17203200,0.03226285055279732,0.9812113046646118,0.052251871675252914,0.9812113642692566
17228800,0.024495260789990425,0.9812255501747131,0.05365791916847229,0.9812256693840027
17254400,0.027396220713853836,0.9812374711036682,0.034745413810014725,0.9812378287315369
17280000,0.03498392552137375,0.9812514781951904,0.019947169348597527,0.9812517762184143
17305600,0.014857357367873192,0.9812656044960022,0.03850427642464638,0.981265664100647
17331200,0.016854532063007355,0.9812796711921692,0.04588734731078148,0.9812796711921692
17356800,0.02628239057958126,0.981292724609375,0.054229117929935455,0.9812929034233093
17382400,0.023903602734208107,0.981305718421936,0.06422634422779083,0.9813058972358704
17408000,0.03172852098941803,0.9813199043273926,0.0649309903383255,0.9813199043273926
17433600,0.03354937583208084,0.9813336133956909,0.042583730071783066,0.9813339710235596
17459200,0.018976787105202675,0.9813461899757385,0.05937595292925835,0.9813460111618042
17484800,0.024157319217920303,0.9813584685325623,0.023807162418961525,0.9813587665557861
17510400,0.02568300999701023,0.9813724160194397,0.02491144649684429,0.981372594833374
